<?xml version="1.0" encoding="UTF-8"?>
            <?mso-application progid="Excel.Sheet"?>
            <Workbook xmlns="urn:schemas-microsoft-com:office:spreadsheet"
             xmlns:o="urn:schemas-microsoft-com:office:office"
             xmlns:x="urn:schemas-microsoft-com:office:excel"
             xmlns:ss="urn:schemas-microsoft-com:office:spreadsheet"
             xmlns:html="http://www.w3.org/TR/REC-html40">
             <OfficeDocumentSettings xmlns="urn:schemas-microsoft-com:office:office">
              <AllowPNG/>
             </OfficeDocumentSettings>
             <ExcelWorkbook xmlns="urn:schemas-microsoft-com:office:excel">
              <WindowHeight>8250</WindowHeight>
              <WindowWidth>16275</WindowWidth>
              <WindowTopX>360</WindowTopX>
              <WindowTopY>90</WindowTopY>
              <ProtectStructure>False</ProtectStructure>
              <ProtectWindows>False</ProtectWindows>
             </ExcelWorkbook>
             <Styles>
              <Style ss:ID="Default" ss:Name="Normal">
               <Alignment ss:Vertical="Bottom"/>
               <Borders/>
               <Font ss:FontName="Calibri" x:CharSet="238" x:Family="Swiss" ss:Size="11"
                ss:Color="#000000"/>
               <Interior/>
               <NumberFormat/>
               <Protection/>
              </Style>
              <Style ss:ID="s62">
               <NumberFormat ss:Format="General Date"/>
              </Style>
              <Style ss:ID="s65">
               <NumberFormat ss:Format="[h]:mm:ss"/>
              </Style>
             </Styles>
             <Worksheet ss:Name="Sheet1">
              <Table>
            
                    <Column ss:AutoFitWidth="0" ss:Width="50"/>
                    <Column ss:AutoFitWidth="0" ss:Width="84" ss:Span="1"/>
                    <Column ss:AutoFitWidth="0" ss:Width="110"/>
                    <Column ss:AutoFitWidth="0" ss:Width="110"/>
                    <Column ss:AutoFitWidth="0" ss:Width="90"/>
                    <Column ss:AutoFitWidth="0" ss:Width="90"/>
                    <Column ss:AutoFitWidth="0" ss:Width="87"/>
                    <Column ss:AutoFitWidth="0" ss:Width="57.75"/>
                    <Column ss:AutoFitWidth="0" ss:Width="57.75"/>
                    <Column ss:AutoFitWidth="0" ss:Width="100"/>
                    <Column ss:AutoFitWidth="0" ss:Width="100"/>
                    <Column ss:AutoFitWidth="0" ss:Width="80"/>
                    <Column ss:AutoFitWidth="0" ss:Width="80"/>
                    <Column ss:AutoFitWidth="0" ss:Width="80"/>
<Column ss:AutoFitWidth="0" ss:Width="80"/>
<Column ss:AutoFitWidth="0" ss:Width="80"/>
<Column ss:AutoFitWidth="0" ss:Width="80"/>
<Column ss:AutoFitWidth="0" ss:Width="80"/>

                    <Row>
                    <Cell><Data ss:Type="String">#</Data></Cell>
                    <Cell><Data ss:Type="String">Tracking ID</Data></Cell>
                    <Cell><Data ss:Type="String">Date</Data></Cell>
                    <Cell><Data ss:Type="String">Updated</Data></Cell>
                    <Cell><Data ss:Type="String">Name</Data></Cell>
                    <Cell><Data ss:Type="String">Company</Data></Cell>
                    <Cell><Data ss:Type="String">Email</Data></Cell>
                    <Cell><Data ss:Type="String">Home phone</Data></Cell>
                    <Cell><Data ss:Type="String">Mobile phone</Data></Cell>
                    <Cell><Data ss:Type="String">Work phone</Data></Cell>
                    <Cell><Data ss:Type="String">Device type</Data></Cell>
                    <Cell><Data ss:Type="String">Device brand</Data></Cell>
                    <Cell><Data ss:Type="String">Device ID</Data></Cell>
                    <Cell><Data ss:Type="String">Category</Data></Cell>
                    <Cell><Data ss:Type="String">Priority</Data></Cell>
                    <Cell><Data ss:Type="String">Status</Data></Cell>
                    <Cell><Data ss:Type="String">Subject</Data></Cell>
                    <Cell><Data ss:Type="String">Message</Data></Cell>
                    <Cell><Data ss:Type="String">Owner</Data></Cell>
                    <Cell><Data ss:Type="String">Time worked</Data></Cell>
                    <Cell><Data ss:Type="String">Street Address</Data></Cell>
<Cell><Data ss:Type="String">Apt/Suite Number</Data></Cell>
<Cell><Data ss:Type="String">City</Data></Cell>
<Cell><Data ss:Type="String">State</Data></Cell>
<Cell><Data ss:Type="String">ZIP</Data></Cell>
</Row>

            <Row>
            <Cell><Data ss:Type="Number">1</Data></Cell>
            <Cell><Data ss:Type="String"><![CDATA[YY9-2YY-XP18]]></Data></Cell>
            <Cell ss:StyleID="s62"><Data ss:Type="DateTime">2013-09-20T15:00:10.000</Data></Cell>
            <Cell ss:StyleID="s62"><Data ss:Type="DateTime">2013-11-11T20:07:38.000</Data></Cell>
            <Cell><Data ss:Type="String"><![CDATA[Kevin P]]></Data></Cell>
            <Cell><Data ss:Type="String"><![CDATA[TPA]]></Data></Cell>
            <Cell><Data ss:Type="String"><![CDATA[kevin@tpasoft.com]]></Data></Cell>
            <Cell><Data ss:Type="String"><![CDATA[]]></Data></Cell>
            <Cell><Data ss:Type="String"><![CDATA[]]></Data></Cell>
            <Cell><Data ss:Type="String"><![CDATA[]]></Data></Cell>
            <Cell><Data ss:Type="String"><![CDATA[Desktop]]></Data></Cell>
            <Cell><Data ss:Type="String"><![CDATA[Gateway]]></Data></Cell>
            <Cell><Data ss:Type="String"><![CDATA[]]></Data></Cell>
            <Cell><Data ss:Type="String"><![CDATA[General]]></Data></Cell>
            <Cell><Data ss:Type="String"><![CDATA[Low]]></Data></Cell>
            <Cell><Data ss:Type="String"><![CDATA[Closed]]></Data></Cell>
            <Cell><Data ss:Type="String"><![CDATA[test 2]]></Data></Cell>
            <Cell><Data ss:Type="String"><![CDATA[test2]]></Data></Cell>
            <Cell><Data ss:Type="String"><![CDATA[Your name]]></Data></Cell>
            <Cell><Data ss:Type="String"><![CDATA[00:00:34]]></Data></Cell>
            <Cell><Data ss:Type="String"><![CDATA[]]></Data></Cell>  
<Cell><Data ss:Type="String"><![CDATA[]]></Data></Cell>  
<Cell><Data ss:Type="String"><![CDATA[]]></Data></Cell>  
<Cell><Data ss:Type="String"><![CDATA[]]></Data></Cell>  
<Cell><Data ss:Type="String"><![CDATA[]]></Data></Cell>  
</Row>

            <Row>
            <Cell><Data ss:Type="Number">2</Data></Cell>
            <Cell><Data ss:Type="String"><![CDATA[NE3-PSN-BQXS]]></Data></Cell>
            <Cell ss:StyleID="s62"><Data ss:Type="DateTime">2014-02-01T20:48:46.000</Data></Cell>
            <Cell ss:StyleID="s62"><Data ss:Type="DateTime">2014-02-01T20:48:46.000</Data></Cell>
            <Cell><Data ss:Type="String"><![CDATA[michelle lawrenson]]></Data></Cell>
            <Cell><Data ss:Type="String"><![CDATA[]]></Data></Cell>
            <Cell><Data ss:Type="String"><![CDATA[jew@jew.com]]></Data></Cell>
            <Cell><Data ss:Type="String"><![CDATA[]]></Data></Cell>
            <Cell><Data ss:Type="String"><![CDATA[]]></Data></Cell>
            <Cell><Data ss:Type="String"><![CDATA[]]></Data></Cell>
            <Cell><Data ss:Type="String"><![CDATA[]]></Data></Cell>
            <Cell><Data ss:Type="String"><![CDATA[]]></Data></Cell>
            <Cell><Data ss:Type="String"><![CDATA[]]></Data></Cell>
            <Cell><Data ss:Type="String"><![CDATA[General]]></Data></Cell>
            <Cell><Data ss:Type="String"><![CDATA[Low]]></Data></Cell>
            <Cell><Data ss:Type="String"><![CDATA[Replied]]></Data></Cell>
            <Cell><Data ss:Type="String"><![CDATA[Test 2014]]></Data></Cell>
            <Cell><Data ss:Type="String"><![CDATA[har har har]]></Data></Cell>
            <Cell><Data ss:Type="String"><![CDATA[Kevin Provance]]></Data></Cell>
            <Cell><Data ss:Type="String"><![CDATA[02:50:28]]></Data></Cell>
            <Cell><Data ss:Type="String"><![CDATA[]]></Data></Cell>  
<Cell><Data ss:Type="String"><![CDATA[]]></Data></Cell>  
<Cell><Data ss:Type="String"><![CDATA[]]></Data></Cell>  
<Cell><Data ss:Type="String"><![CDATA[]]></Data></Cell>  
<Cell><Data ss:Type="String"><![CDATA[]]></Data></Cell>  
</Row>

            <Row>
            <Cell><Data ss:Type="Number">3</Data></Cell>
            <Cell><Data ss:Type="String"><![CDATA[47H-T27-4ZJ6]]></Data></Cell>
            <Cell ss:StyleID="s62"><Data ss:Type="DateTime">2014-02-01T20:50:26.000</Data></Cell>
            <Cell ss:StyleID="s62"><Data ss:Type="DateTime">2014-02-01T20:50:26.000</Data></Cell>
            <Cell><Data ss:Type="String"><![CDATA[Obsolete]]></Data></Cell>
            <Cell><Data ss:Type="String"><![CDATA[]]></Data></Cell>
            <Cell><Data ss:Type="String"><![CDATA[jew@jew.com]]></Data></Cell>
            <Cell><Data ss:Type="String"><![CDATA[]]></Data></Cell>
            <Cell><Data ss:Type="String"><![CDATA[]]></Data></Cell>
            <Cell><Data ss:Type="String"><![CDATA[]]></Data></Cell>
            <Cell><Data ss:Type="String"><![CDATA[]]></Data></Cell>
            <Cell><Data ss:Type="String"><![CDATA[]]></Data></Cell>
            <Cell><Data ss:Type="String"><![CDATA[]]></Data></Cell>
            <Cell><Data ss:Type="String"><![CDATA[General]]></Data></Cell>
            <Cell><Data ss:Type="String"><![CDATA[Low]]></Data></Cell>
            <Cell><Data ss:Type="String"><![CDATA[New]]></Data></Cell>
            <Cell><Data ss:Type="String"><![CDATA[Why?]]></Data></Cell>
            <Cell><Data ss:Type="String"><![CDATA[dfg]]></Data></Cell>
            <Cell><Data ss:Type="String"><![CDATA[]]></Data></Cell>
            <Cell><Data ss:Type="String"><![CDATA[00:00:00]]></Data></Cell>
            <Cell><Data ss:Type="String"><![CDATA[]]></Data></Cell>  
<Cell><Data ss:Type="String"><![CDATA[]]></Data></Cell>  
<Cell><Data ss:Type="String"><![CDATA[]]></Data></Cell>  
<Cell><Data ss:Type="String"><![CDATA[]]></Data></Cell>  
<Cell><Data ss:Type="String"><![CDATA[]]></Data></Cell>  
</Row>

            <Row>
            <Cell><Data ss:Type="Number">4</Data></Cell>
            <Cell><Data ss:Type="String"><![CDATA[UR9-24V-46S6]]></Data></Cell>
            <Cell ss:StyleID="s62"><Data ss:Type="DateTime">2014-02-01T20:51:51.000</Data></Cell>
            <Cell ss:StyleID="s62"><Data ss:Type="DateTime">2014-02-01T20:51:51.000</Data></Cell>
            <Cell><Data ss:Type="String"><![CDATA[Obsolete]]></Data></Cell>
            <Cell><Data ss:Type="String"><![CDATA[]]></Data></Cell>
            <Cell><Data ss:Type="String"><![CDATA[jew@jew.com]]></Data></Cell>
            <Cell><Data ss:Type="String"><![CDATA[]]></Data></Cell>
            <Cell><Data ss:Type="String"><![CDATA[]]></Data></Cell>
            <Cell><Data ss:Type="String"><![CDATA[]]></Data></Cell>
            <Cell><Data ss:Type="String"><![CDATA[]]></Data></Cell>
            <Cell><Data ss:Type="String"><![CDATA[]]></Data></Cell>
            <Cell><Data ss:Type="String"><![CDATA[]]></Data></Cell>
            <Cell><Data ss:Type="String"><![CDATA[General]]></Data></Cell>
            <Cell><Data ss:Type="String"><![CDATA[Low]]></Data></Cell>
            <Cell><Data ss:Type="String"><![CDATA[New]]></Data></Cell>
            <Cell><Data ss:Type="String"><![CDATA[Why?]]></Data></Cell>
            <Cell><Data ss:Type="String"><![CDATA[dfg]]></Data></Cell>
            <Cell><Data ss:Type="String"><![CDATA[]]></Data></Cell>
            <Cell><Data ss:Type="String"><![CDATA[00:00:00]]></Data></Cell>
            <Cell><Data ss:Type="String"><![CDATA[]]></Data></Cell>  
<Cell><Data ss:Type="String"><![CDATA[]]></Data></Cell>  
<Cell><Data ss:Type="String"><![CDATA[]]></Data></Cell>  
<Cell><Data ss:Type="String"><![CDATA[]]></Data></Cell>  
<Cell><Data ss:Type="String"><![CDATA[]]></Data></Cell>  
</Row>

            <Row>
            <Cell><Data ss:Type="Number">5</Data></Cell>
            <Cell><Data ss:Type="String"><![CDATA[SLP-EV4-G4JJ]]></Data></Cell>
            <Cell ss:StyleID="s62"><Data ss:Type="DateTime">2014-02-01T20:53:11.000</Data></Cell>
            <Cell ss:StyleID="s62"><Data ss:Type="DateTime">2014-02-01T20:53:11.000</Data></Cell>
            <Cell><Data ss:Type="String"><![CDATA[Obsolete]]></Data></Cell>
            <Cell><Data ss:Type="String"><![CDATA[]]></Data></Cell>
            <Cell><Data ss:Type="String"><![CDATA[jew@jew.com]]></Data></Cell>
            <Cell><Data ss:Type="String"><![CDATA[]]></Data></Cell>
            <Cell><Data ss:Type="String"><![CDATA[]]></Data></Cell>
            <Cell><Data ss:Type="String"><![CDATA[]]></Data></Cell>
            <Cell><Data ss:Type="String"><![CDATA[]]></Data></Cell>
            <Cell><Data ss:Type="String"><![CDATA[]]></Data></Cell>
            <Cell><Data ss:Type="String"><![CDATA[]]></Data></Cell>
            <Cell><Data ss:Type="String"><![CDATA[General]]></Data></Cell>
            <Cell><Data ss:Type="String"><![CDATA[Low]]></Data></Cell>
            <Cell><Data ss:Type="String"><![CDATA[New]]></Data></Cell>
            <Cell><Data ss:Type="String"><![CDATA[Why?]]></Data></Cell>
            <Cell><Data ss:Type="String"><![CDATA[dfg]]></Data></Cell>
            <Cell><Data ss:Type="String"><![CDATA[]]></Data></Cell>
            <Cell><Data ss:Type="String"><![CDATA[00:00:00]]></Data></Cell>
            <Cell><Data ss:Type="String"><![CDATA[]]></Data></Cell>  
<Cell><Data ss:Type="String"><![CDATA[]]></Data></Cell>  
<Cell><Data ss:Type="String"><![CDATA[]]></Data></Cell>  
<Cell><Data ss:Type="String"><![CDATA[]]></Data></Cell>  
<Cell><Data ss:Type="String"><![CDATA[]]></Data></Cell>  
</Row>

            <Row>
            <Cell><Data ss:Type="Number">6</Data></Cell>
            <Cell><Data ss:Type="String"><![CDATA[RUE-AEP-HMMR]]></Data></Cell>
            <Cell ss:StyleID="s62"><Data ss:Type="DateTime">2014-02-01T20:53:33.000</Data></Cell>
            <Cell ss:StyleID="s62"><Data ss:Type="DateTime">2014-02-01T20:53:33.000</Data></Cell>
            <Cell><Data ss:Type="String"><![CDATA[Obsolete]]></Data></Cell>
            <Cell><Data ss:Type="String"><![CDATA[]]></Data></Cell>
            <Cell><Data ss:Type="String"><![CDATA[jew@jew.com]]></Data></Cell>
            <Cell><Data ss:Type="String"><![CDATA[]]></Data></Cell>
            <Cell><Data ss:Type="String"><![CDATA[]]></Data></Cell>
            <Cell><Data ss:Type="String"><![CDATA[]]></Data></Cell>
            <Cell><Data ss:Type="String"><![CDATA[]]></Data></Cell>
            <Cell><Data ss:Type="String"><![CDATA[]]></Data></Cell>
            <Cell><Data ss:Type="String"><![CDATA[]]></Data></Cell>
            <Cell><Data ss:Type="String"><![CDATA[General]]></Data></Cell>
            <Cell><Data ss:Type="String"><![CDATA[Low]]></Data></Cell>
            <Cell><Data ss:Type="String"><![CDATA[New]]></Data></Cell>
            <Cell><Data ss:Type="String"><![CDATA[Why?]]></Data></Cell>
            <Cell><Data ss:Type="String"><![CDATA[dfg]]></Data></Cell>
            <Cell><Data ss:Type="String"><![CDATA[]]></Data></Cell>
            <Cell><Data ss:Type="String"><![CDATA[00:00:00]]></Data></Cell>
            <Cell><Data ss:Type="String"><![CDATA[]]></Data></Cell>  
<Cell><Data ss:Type="String"><![CDATA[]]></Data></Cell>  
<Cell><Data ss:Type="String"><![CDATA[]]></Data></Cell>  
<Cell><Data ss:Type="String"><![CDATA[]]></Data></Cell>  
<Cell><Data ss:Type="String"><![CDATA[]]></Data></Cell>  
</Row>

            <Row>
            <Cell><Data ss:Type="Number">7</Data></Cell>
            <Cell><Data ss:Type="String"><![CDATA[X88-JHR-ETGU]]></Data></Cell>
            <Cell ss:StyleID="s62"><Data ss:Type="DateTime">2014-02-01T20:55:51.000</Data></Cell>
            <Cell ss:StyleID="s62"><Data ss:Type="DateTime">2014-02-01T20:55:51.000</Data></Cell>
            <Cell><Data ss:Type="String"><![CDATA[Obsolete]]></Data></Cell>
            <Cell><Data ss:Type="String"><![CDATA[]]></Data></Cell>
            <Cell><Data ss:Type="String"><![CDATA[jew@jew.com]]></Data></Cell>
            <Cell><Data ss:Type="String"><![CDATA[]]></Data></Cell>
            <Cell><Data ss:Type="String"><![CDATA[]]></Data></Cell>
            <Cell><Data ss:Type="String"><![CDATA[]]></Data></Cell>
            <Cell><Data ss:Type="String"><![CDATA[]]></Data></Cell>
            <Cell><Data ss:Type="String"><![CDATA[]]></Data></Cell>
            <Cell><Data ss:Type="String"><![CDATA[]]></Data></Cell>
            <Cell><Data ss:Type="String"><![CDATA[General]]></Data></Cell>
            <Cell><Data ss:Type="String"><![CDATA[Low]]></Data></Cell>
            <Cell><Data ss:Type="String"><![CDATA[New]]></Data></Cell>
            <Cell><Data ss:Type="String"><![CDATA[Why?]]></Data></Cell>
            <Cell><Data ss:Type="String"><![CDATA[dfg]]></Data></Cell>
            <Cell><Data ss:Type="String"><![CDATA[]]></Data></Cell>
            <Cell><Data ss:Type="String"><![CDATA[00:00:00]]></Data></Cell>
            <Cell><Data ss:Type="String"><![CDATA[]]></Data></Cell>  
<Cell><Data ss:Type="String"><![CDATA[]]></Data></Cell>  
<Cell><Data ss:Type="String"><![CDATA[]]></Data></Cell>  
<Cell><Data ss:Type="String"><![CDATA[]]></Data></Cell>  
<Cell><Data ss:Type="String"><![CDATA[]]></Data></Cell>  
</Row>

            <Row>
            <Cell><Data ss:Type="Number">8</Data></Cell>
            <Cell><Data ss:Type="String"><![CDATA[G3N-3YJ-DVJX]]></Data></Cell>
            <Cell ss:StyleID="s62"><Data ss:Type="DateTime">2014-02-01T21:00:06.000</Data></Cell>
            <Cell ss:StyleID="s62"><Data ss:Type="DateTime">2014-02-01T21:00:06.000</Data></Cell>
            <Cell><Data ss:Type="String"><![CDATA[Obsolete]]></Data></Cell>
            <Cell><Data ss:Type="String"><![CDATA[]]></Data></Cell>
            <Cell><Data ss:Type="String"><![CDATA[jew@jew.com]]></Data></Cell>
            <Cell><Data ss:Type="String"><![CDATA[]]></Data></Cell>
            <Cell><Data ss:Type="String"><![CDATA[]]></Data></Cell>
            <Cell><Data ss:Type="String"><![CDATA[]]></Data></Cell>
            <Cell><Data ss:Type="String"><![CDATA[]]></Data></Cell>
            <Cell><Data ss:Type="String"><![CDATA[]]></Data></Cell>
            <Cell><Data ss:Type="String"><![CDATA[]]></Data></Cell>
            <Cell><Data ss:Type="String"><![CDATA[General]]></Data></Cell>
            <Cell><Data ss:Type="String"><![CDATA[Low]]></Data></Cell>
            <Cell><Data ss:Type="String"><![CDATA[New]]></Data></Cell>
            <Cell><Data ss:Type="String"><![CDATA[Why?]]></Data></Cell>
            <Cell><Data ss:Type="String"><![CDATA[dfg]]></Data></Cell>
            <Cell><Data ss:Type="String"><![CDATA[]]></Data></Cell>
            <Cell><Data ss:Type="String"><![CDATA[00:00:00]]></Data></Cell>
            <Cell><Data ss:Type="String"><![CDATA[]]></Data></Cell>  
<Cell><Data ss:Type="String"><![CDATA[]]></Data></Cell>  
<Cell><Data ss:Type="String"><![CDATA[]]></Data></Cell>  
<Cell><Data ss:Type="String"><![CDATA[]]></Data></Cell>  
<Cell><Data ss:Type="String"><![CDATA[]]></Data></Cell>  
</Row>

            <Row>
            <Cell><Data ss:Type="Number">9</Data></Cell>
            <Cell><Data ss:Type="String"><![CDATA[NGB-JB4-SS1R]]></Data></Cell>
            <Cell ss:StyleID="s62"><Data ss:Type="DateTime">2014-02-01T21:01:06.000</Data></Cell>
            <Cell ss:StyleID="s62"><Data ss:Type="DateTime">2014-02-01T21:01:06.000</Data></Cell>
            <Cell><Data ss:Type="String"><![CDATA[Obsolete]]></Data></Cell>
            <Cell><Data ss:Type="String"><![CDATA[]]></Data></Cell>
            <Cell><Data ss:Type="String"><![CDATA[jew@jew.com]]></Data></Cell>
            <Cell><Data ss:Type="String"><![CDATA[]]></Data></Cell>
            <Cell><Data ss:Type="String"><![CDATA[]]></Data></Cell>
            <Cell><Data ss:Type="String"><![CDATA[]]></Data></Cell>
            <Cell><Data ss:Type="String"><![CDATA[]]></Data></Cell>
            <Cell><Data ss:Type="String"><![CDATA[]]></Data></Cell>
            <Cell><Data ss:Type="String"><![CDATA[]]></Data></Cell>
            <Cell><Data ss:Type="String"><![CDATA[General]]></Data></Cell>
            <Cell><Data ss:Type="String"><![CDATA[Low]]></Data></Cell>
            <Cell><Data ss:Type="String"><![CDATA[New]]></Data></Cell>
            <Cell><Data ss:Type="String"><![CDATA[Why?]]></Data></Cell>
            <Cell><Data ss:Type="String"><![CDATA[dfg]]></Data></Cell>
            <Cell><Data ss:Type="String"><![CDATA[]]></Data></Cell>
            <Cell><Data ss:Type="String"><![CDATA[00:00:00]]></Data></Cell>
            <Cell><Data ss:Type="String"><![CDATA[]]></Data></Cell>  
<Cell><Data ss:Type="String"><![CDATA[]]></Data></Cell>  
<Cell><Data ss:Type="String"><![CDATA[]]></Data></Cell>  
<Cell><Data ss:Type="String"><![CDATA[]]></Data></Cell>  
<Cell><Data ss:Type="String"><![CDATA[]]></Data></Cell>  
</Row>

            <Row>
            <Cell><Data ss:Type="Number">10</Data></Cell>
            <Cell><Data ss:Type="String"><![CDATA[3S3-BXV-GMV1]]></Data></Cell>
            <Cell ss:StyleID="s62"><Data ss:Type="DateTime">2014-02-01T21:01:59.000</Data></Cell>
            <Cell ss:StyleID="s62"><Data ss:Type="DateTime">2014-02-01T21:01:59.000</Data></Cell>
            <Cell><Data ss:Type="String"><![CDATA[Obsolete]]></Data></Cell>
            <Cell><Data ss:Type="String"><![CDATA[]]></Data></Cell>
            <Cell><Data ss:Type="String"><![CDATA[jew@jew.com]]></Data></Cell>
            <Cell><Data ss:Type="String"><![CDATA[]]></Data></Cell>
            <Cell><Data ss:Type="String"><![CDATA[]]></Data></Cell>
            <Cell><Data ss:Type="String"><![CDATA[]]></Data></Cell>
            <Cell><Data ss:Type="String"><![CDATA[]]></Data></Cell>
            <Cell><Data ss:Type="String"><![CDATA[]]></Data></Cell>
            <Cell><Data ss:Type="String"><![CDATA[]]></Data></Cell>
            <Cell><Data ss:Type="String"><![CDATA[General]]></Data></Cell>
            <Cell><Data ss:Type="String"><![CDATA[Low]]></Data></Cell>
            <Cell><Data ss:Type="String"><![CDATA[New]]></Data></Cell>
            <Cell><Data ss:Type="String"><![CDATA[Why?]]></Data></Cell>
            <Cell><Data ss:Type="String"><![CDATA[dfg]]></Data></Cell>
            <Cell><Data ss:Type="String"><![CDATA[]]></Data></Cell>
            <Cell><Data ss:Type="String"><![CDATA[00:00:00]]></Data></Cell>
            <Cell><Data ss:Type="String"><![CDATA[]]></Data></Cell>  
<Cell><Data ss:Type="String"><![CDATA[]]></Data></Cell>  
<Cell><Data ss:Type="String"><![CDATA[]]></Data></Cell>  
<Cell><Data ss:Type="String"><![CDATA[]]></Data></Cell>  
<Cell><Data ss:Type="String"><![CDATA[]]></Data></Cell>  
</Row>

            <Row>
            <Cell><Data ss:Type="Number">11</Data></Cell>
            <Cell><Data ss:Type="String"><![CDATA[J3Q-QB4-VMMV]]></Data></Cell>
            <Cell ss:StyleID="s62"><Data ss:Type="DateTime">2014-02-01T21:02:30.000</Data></Cell>
            <Cell ss:StyleID="s62"><Data ss:Type="DateTime">2014-02-01T21:02:30.000</Data></Cell>
            <Cell><Data ss:Type="String"><![CDATA[Obsolete]]></Data></Cell>
            <Cell><Data ss:Type="String"><![CDATA[]]></Data></Cell>
            <Cell><Data ss:Type="String"><![CDATA[jew@jew.com]]></Data></Cell>
            <Cell><Data ss:Type="String"><![CDATA[]]></Data></Cell>
            <Cell><Data ss:Type="String"><![CDATA[]]></Data></Cell>
            <Cell><Data ss:Type="String"><![CDATA[]]></Data></Cell>
            <Cell><Data ss:Type="String"><![CDATA[]]></Data></Cell>
            <Cell><Data ss:Type="String"><![CDATA[]]></Data></Cell>
            <Cell><Data ss:Type="String"><![CDATA[]]></Data></Cell>
            <Cell><Data ss:Type="String"><![CDATA[General]]></Data></Cell>
            <Cell><Data ss:Type="String"><![CDATA[Low]]></Data></Cell>
            <Cell><Data ss:Type="String"><![CDATA[New]]></Data></Cell>
            <Cell><Data ss:Type="String"><![CDATA[Why?]]></Data></Cell>
            <Cell><Data ss:Type="String"><![CDATA[dfg]]></Data></Cell>
            <Cell><Data ss:Type="String"><![CDATA[]]></Data></Cell>
            <Cell><Data ss:Type="String"><![CDATA[00:00:00]]></Data></Cell>
            <Cell><Data ss:Type="String"><![CDATA[]]></Data></Cell>  
<Cell><Data ss:Type="String"><![CDATA[]]></Data></Cell>  
<Cell><Data ss:Type="String"><![CDATA[]]></Data></Cell>  
<Cell><Data ss:Type="String"><![CDATA[]]></Data></Cell>  
<Cell><Data ss:Type="String"><![CDATA[]]></Data></Cell>  
</Row>

            <Row>
            <Cell><Data ss:Type="Number">12</Data></Cell>
            <Cell><Data ss:Type="String"><![CDATA[QJH-74L-8AY4]]></Data></Cell>
            <Cell ss:StyleID="s62"><Data ss:Type="DateTime">2014-02-01T22:07:35.000</Data></Cell>
            <Cell ss:StyleID="s62"><Data ss:Type="DateTime">2014-02-01T22:07:35.000</Data></Cell>
            <Cell><Data ss:Type="String"><![CDATA[Obsolete]]></Data></Cell>
            <Cell><Data ss:Type="String"><![CDATA[]]></Data></Cell>
            <Cell><Data ss:Type="String"><![CDATA[jew@jew.com]]></Data></Cell>
            <Cell><Data ss:Type="String"><![CDATA[]]></Data></Cell>
            <Cell><Data ss:Type="String"><![CDATA[]]></Data></Cell>
            <Cell><Data ss:Type="String"><![CDATA[]]></Data></Cell>
            <Cell><Data ss:Type="String"><![CDATA[]]></Data></Cell>
            <Cell><Data ss:Type="String"><![CDATA[]]></Data></Cell>
            <Cell><Data ss:Type="String"><![CDATA[]]></Data></Cell>
            <Cell><Data ss:Type="String"><![CDATA[General]]></Data></Cell>
            <Cell><Data ss:Type="String"><![CDATA[Low]]></Data></Cell>
            <Cell><Data ss:Type="String"><![CDATA[New]]></Data></Cell>
            <Cell><Data ss:Type="String"><![CDATA[Why?]]></Data></Cell>
            <Cell><Data ss:Type="String"><![CDATA[dfg]]></Data></Cell>
            <Cell><Data ss:Type="String"><![CDATA[]]></Data></Cell>
            <Cell><Data ss:Type="String"><![CDATA[00:00:00]]></Data></Cell>
            <Cell><Data ss:Type="String"><![CDATA[]]></Data></Cell>  
<Cell><Data ss:Type="String"><![CDATA[]]></Data></Cell>  
<Cell><Data ss:Type="String"><![CDATA[]]></Data></Cell>  
<Cell><Data ss:Type="String"><![CDATA[]]></Data></Cell>  
<Cell><Data ss:Type="String"><![CDATA[]]></Data></Cell>  
</Row>

            <Row>
            <Cell><Data ss:Type="Number">13</Data></Cell>
            <Cell><Data ss:Type="String"><![CDATA[RV3-W8R-XZDX]]></Data></Cell>
            <Cell ss:StyleID="s62"><Data ss:Type="DateTime">2014-02-01T22:24:25.000</Data></Cell>
            <Cell ss:StyleID="s62"><Data ss:Type="DateTime">2014-02-01T22:24:25.000</Data></Cell>
            <Cell><Data ss:Type="String"><![CDATA[Obsolete]]></Data></Cell>
            <Cell><Data ss:Type="String"><![CDATA[]]></Data></Cell>
            <Cell><Data ss:Type="String"><![CDATA[jew@jew.com]]></Data></Cell>
            <Cell><Data ss:Type="String"><![CDATA[]]></Data></Cell>
            <Cell><Data ss:Type="String"><![CDATA[]]></Data></Cell>
            <Cell><Data ss:Type="String"><![CDATA[]]></Data></Cell>
            <Cell><Data ss:Type="String"><![CDATA[]]></Data></Cell>
            <Cell><Data ss:Type="String"><![CDATA[]]></Data></Cell>
            <Cell><Data ss:Type="String"><![CDATA[]]></Data></Cell>
            <Cell><Data ss:Type="String"><![CDATA[General]]></Data></Cell>
            <Cell><Data ss:Type="String"><![CDATA[Low]]></Data></Cell>
            <Cell><Data ss:Type="String"><![CDATA[New]]></Data></Cell>
            <Cell><Data ss:Type="String"><![CDATA[Why?]]></Data></Cell>
            <Cell><Data ss:Type="String"><![CDATA[dfg]]></Data></Cell>
            <Cell><Data ss:Type="String"><![CDATA[]]></Data></Cell>
            <Cell><Data ss:Type="String"><![CDATA[00:00:00]]></Data></Cell>
            <Cell><Data ss:Type="String"><![CDATA[]]></Data></Cell>  
<Cell><Data ss:Type="String"><![CDATA[]]></Data></Cell>  
<Cell><Data ss:Type="String"><![CDATA[]]></Data></Cell>  
<Cell><Data ss:Type="String"><![CDATA[]]></Data></Cell>  
<Cell><Data ss:Type="String"><![CDATA[]]></Data></Cell>  
</Row>

            <Row>
            <Cell><Data ss:Type="Number">14</Data></Cell>
            <Cell><Data ss:Type="String"><![CDATA[SL8-ARA-4BQ1]]></Data></Cell>
            <Cell ss:StyleID="s62"><Data ss:Type="DateTime">2014-02-01T22:24:54.000</Data></Cell>
            <Cell ss:StyleID="s62"><Data ss:Type="DateTime">2014-02-01T22:24:54.000</Data></Cell>
            <Cell><Data ss:Type="String"><![CDATA[Obsolete]]></Data></Cell>
            <Cell><Data ss:Type="String"><![CDATA[]]></Data></Cell>
            <Cell><Data ss:Type="String"><![CDATA[jew@jew.com]]></Data></Cell>
            <Cell><Data ss:Type="String"><![CDATA[]]></Data></Cell>
            <Cell><Data ss:Type="String"><![CDATA[]]></Data></Cell>
            <Cell><Data ss:Type="String"><![CDATA[]]></Data></Cell>
            <Cell><Data ss:Type="String"><![CDATA[]]></Data></Cell>
            <Cell><Data ss:Type="String"><![CDATA[]]></Data></Cell>
            <Cell><Data ss:Type="String"><![CDATA[]]></Data></Cell>
            <Cell><Data ss:Type="String"><![CDATA[General]]></Data></Cell>
            <Cell><Data ss:Type="String"><![CDATA[Low]]></Data></Cell>
            <Cell><Data ss:Type="String"><![CDATA[New]]></Data></Cell>
            <Cell><Data ss:Type="String"><![CDATA[Why?]]></Data></Cell>
            <Cell><Data ss:Type="String"><![CDATA[dfg]]></Data></Cell>
            <Cell><Data ss:Type="String"><![CDATA[]]></Data></Cell>
            <Cell><Data ss:Type="String"><![CDATA[00:00:00]]></Data></Cell>
            <Cell><Data ss:Type="String"><![CDATA[]]></Data></Cell>  
<Cell><Data ss:Type="String"><![CDATA[]]></Data></Cell>  
<Cell><Data ss:Type="String"><![CDATA[]]></Data></Cell>  
<Cell><Data ss:Type="String"><![CDATA[]]></Data></Cell>  
<Cell><Data ss:Type="String"><![CDATA[]]></Data></Cell>  
</Row>

            <Row>
            <Cell><Data ss:Type="Number">15</Data></Cell>
            <Cell><Data ss:Type="String"><![CDATA[E9Y-63L-ANT8]]></Data></Cell>
            <Cell ss:StyleID="s62"><Data ss:Type="DateTime">2014-02-01T22:25:19.000</Data></Cell>
            <Cell ss:StyleID="s62"><Data ss:Type="DateTime">2014-02-01T22:25:19.000</Data></Cell>
            <Cell><Data ss:Type="String"><![CDATA[Obsolete]]></Data></Cell>
            <Cell><Data ss:Type="String"><![CDATA[]]></Data></Cell>
            <Cell><Data ss:Type="String"><![CDATA[jew@jew.com]]></Data></Cell>
            <Cell><Data ss:Type="String"><![CDATA[]]></Data></Cell>
            <Cell><Data ss:Type="String"><![CDATA[]]></Data></Cell>
            <Cell><Data ss:Type="String"><![CDATA[]]></Data></Cell>
            <Cell><Data ss:Type="String"><![CDATA[]]></Data></Cell>
            <Cell><Data ss:Type="String"><![CDATA[]]></Data></Cell>
            <Cell><Data ss:Type="String"><![CDATA[]]></Data></Cell>
            <Cell><Data ss:Type="String"><![CDATA[General]]></Data></Cell>
            <Cell><Data ss:Type="String"><![CDATA[Low]]></Data></Cell>
            <Cell><Data ss:Type="String"><![CDATA[New]]></Data></Cell>
            <Cell><Data ss:Type="String"><![CDATA[Why?]]></Data></Cell>
            <Cell><Data ss:Type="String"><![CDATA[dfg]]></Data></Cell>
            <Cell><Data ss:Type="String"><![CDATA[]]></Data></Cell>
            <Cell><Data ss:Type="String"><![CDATA[00:00:00]]></Data></Cell>
            <Cell><Data ss:Type="String"><![CDATA[]]></Data></Cell>  
<Cell><Data ss:Type="String"><![CDATA[]]></Data></Cell>  
<Cell><Data ss:Type="String"><![CDATA[]]></Data></Cell>  
<Cell><Data ss:Type="String"><![CDATA[]]></Data></Cell>  
<Cell><Data ss:Type="String"><![CDATA[]]></Data></Cell>  
</Row>

            <Row>
            <Cell><Data ss:Type="Number">16</Data></Cell>
            <Cell><Data ss:Type="String"><![CDATA[DXG-LXJ-PZLD]]></Data></Cell>
            <Cell ss:StyleID="s62"><Data ss:Type="DateTime">2014-02-01T22:26:30.000</Data></Cell>
            <Cell ss:StyleID="s62"><Data ss:Type="DateTime">2014-02-01T22:26:30.000</Data></Cell>
            <Cell><Data ss:Type="String"><![CDATA[Obsolete]]></Data></Cell>
            <Cell><Data ss:Type="String"><![CDATA[]]></Data></Cell>
            <Cell><Data ss:Type="String"><![CDATA[jew@jew.com]]></Data></Cell>
            <Cell><Data ss:Type="String"><![CDATA[]]></Data></Cell>
            <Cell><Data ss:Type="String"><![CDATA[]]></Data></Cell>
            <Cell><Data ss:Type="String"><![CDATA[]]></Data></Cell>
            <Cell><Data ss:Type="String"><![CDATA[]]></Data></Cell>
            <Cell><Data ss:Type="String"><![CDATA[]]></Data></Cell>
            <Cell><Data ss:Type="String"><![CDATA[]]></Data></Cell>
            <Cell><Data ss:Type="String"><![CDATA[General]]></Data></Cell>
            <Cell><Data ss:Type="String"><![CDATA[Low]]></Data></Cell>
            <Cell><Data ss:Type="String"><![CDATA[New]]></Data></Cell>
            <Cell><Data ss:Type="String"><![CDATA[Why?]]></Data></Cell>
            <Cell><Data ss:Type="String"><![CDATA[dfg]]></Data></Cell>
            <Cell><Data ss:Type="String"><![CDATA[]]></Data></Cell>
            <Cell><Data ss:Type="String"><![CDATA[00:00:00]]></Data></Cell>
            <Cell><Data ss:Type="String"><![CDATA[]]></Data></Cell>  
<Cell><Data ss:Type="String"><![CDATA[]]></Data></Cell>  
<Cell><Data ss:Type="String"><![CDATA[]]></Data></Cell>  
<Cell><Data ss:Type="String"><![CDATA[]]></Data></Cell>  
<Cell><Data ss:Type="String"><![CDATA[]]></Data></Cell>  
</Row>

            <Row>
            <Cell><Data ss:Type="Number">17</Data></Cell>
            <Cell><Data ss:Type="String"><![CDATA[8LB-TTT-8MS9]]></Data></Cell>
            <Cell ss:StyleID="s62"><Data ss:Type="DateTime">2014-02-01T22:27:12.000</Data></Cell>
            <Cell ss:StyleID="s62"><Data ss:Type="DateTime">2014-02-01T22:27:12.000</Data></Cell>
            <Cell><Data ss:Type="String"><![CDATA[Obsolete]]></Data></Cell>
            <Cell><Data ss:Type="String"><![CDATA[]]></Data></Cell>
            <Cell><Data ss:Type="String"><![CDATA[jew@jew.com]]></Data></Cell>
            <Cell><Data ss:Type="String"><![CDATA[]]></Data></Cell>
            <Cell><Data ss:Type="String"><![CDATA[]]></Data></Cell>
            <Cell><Data ss:Type="String"><![CDATA[]]></Data></Cell>
            <Cell><Data ss:Type="String"><![CDATA[]]></Data></Cell>
            <Cell><Data ss:Type="String"><![CDATA[]]></Data></Cell>
            <Cell><Data ss:Type="String"><![CDATA[]]></Data></Cell>
            <Cell><Data ss:Type="String"><![CDATA[General]]></Data></Cell>
            <Cell><Data ss:Type="String"><![CDATA[Low]]></Data></Cell>
            <Cell><Data ss:Type="String"><![CDATA[New]]></Data></Cell>
            <Cell><Data ss:Type="String"><![CDATA[Why?]]></Data></Cell>
            <Cell><Data ss:Type="String"><![CDATA[dfg]]></Data></Cell>
            <Cell><Data ss:Type="String"><![CDATA[]]></Data></Cell>
            <Cell><Data ss:Type="String"><![CDATA[00:00:00]]></Data></Cell>
            <Cell><Data ss:Type="String"><![CDATA[]]></Data></Cell>  
<Cell><Data ss:Type="String"><![CDATA[]]></Data></Cell>  
<Cell><Data ss:Type="String"><![CDATA[]]></Data></Cell>  
<Cell><Data ss:Type="String"><![CDATA[]]></Data></Cell>  
<Cell><Data ss:Type="String"><![CDATA[]]></Data></Cell>  
</Row>

            <Row>
            <Cell><Data ss:Type="Number">18</Data></Cell>
            <Cell><Data ss:Type="String"><![CDATA[QUX-U11-PL4P]]></Data></Cell>
            <Cell ss:StyleID="s62"><Data ss:Type="DateTime">2014-02-01T22:27:39.000</Data></Cell>
            <Cell ss:StyleID="s62"><Data ss:Type="DateTime">2014-02-01T22:27:39.000</Data></Cell>
            <Cell><Data ss:Type="String"><![CDATA[Obsolete]]></Data></Cell>
            <Cell><Data ss:Type="String"><![CDATA[]]></Data></Cell>
            <Cell><Data ss:Type="String"><![CDATA[jew@jew.com]]></Data></Cell>
            <Cell><Data ss:Type="String"><![CDATA[]]></Data></Cell>
            <Cell><Data ss:Type="String"><![CDATA[]]></Data></Cell>
            <Cell><Data ss:Type="String"><![CDATA[]]></Data></Cell>
            <Cell><Data ss:Type="String"><![CDATA[]]></Data></Cell>
            <Cell><Data ss:Type="String"><![CDATA[]]></Data></Cell>
            <Cell><Data ss:Type="String"><![CDATA[]]></Data></Cell>
            <Cell><Data ss:Type="String"><![CDATA[General]]></Data></Cell>
            <Cell><Data ss:Type="String"><![CDATA[Low]]></Data></Cell>
            <Cell><Data ss:Type="String"><![CDATA[New]]></Data></Cell>
            <Cell><Data ss:Type="String"><![CDATA[Why?]]></Data></Cell>
            <Cell><Data ss:Type="String"><![CDATA[dfg]]></Data></Cell>
            <Cell><Data ss:Type="String"><![CDATA[]]></Data></Cell>
            <Cell><Data ss:Type="String"><![CDATA[00:00:00]]></Data></Cell>
            <Cell><Data ss:Type="String"><![CDATA[]]></Data></Cell>  
<Cell><Data ss:Type="String"><![CDATA[]]></Data></Cell>  
<Cell><Data ss:Type="String"><![CDATA[]]></Data></Cell>  
<Cell><Data ss:Type="String"><![CDATA[]]></Data></Cell>  
<Cell><Data ss:Type="String"><![CDATA[]]></Data></Cell>  
</Row>

            <Row>
            <Cell><Data ss:Type="Number">19</Data></Cell>
            <Cell><Data ss:Type="String"><![CDATA[MNP-HMX-S8L7]]></Data></Cell>
            <Cell ss:StyleID="s62"><Data ss:Type="DateTime">2014-02-01T23:57:51.000</Data></Cell>
            <Cell ss:StyleID="s62"><Data ss:Type="DateTime">2014-02-01T23:57:51.000</Data></Cell>
            <Cell><Data ss:Type="String"><![CDATA[Obsolete]]></Data></Cell>
            <Cell><Data ss:Type="String"><![CDATA[]]></Data></Cell>
            <Cell><Data ss:Type="String"><![CDATA[jew@jew.com]]></Data></Cell>
            <Cell><Data ss:Type="String"><![CDATA[]]></Data></Cell>
            <Cell><Data ss:Type="String"><![CDATA[]]></Data></Cell>
            <Cell><Data ss:Type="String"><![CDATA[]]></Data></Cell>
            <Cell><Data ss:Type="String"><![CDATA[]]></Data></Cell>
            <Cell><Data ss:Type="String"><![CDATA[]]></Data></Cell>
            <Cell><Data ss:Type="String"><![CDATA[]]></Data></Cell>
            <Cell><Data ss:Type="String"><![CDATA[General]]></Data></Cell>
            <Cell><Data ss:Type="String"><![CDATA[Low]]></Data></Cell>
            <Cell><Data ss:Type="String"><![CDATA[New]]></Data></Cell>
            <Cell><Data ss:Type="String"><![CDATA[Why?]]></Data></Cell>
            <Cell><Data ss:Type="String"><![CDATA[dfg]]></Data></Cell>
            <Cell><Data ss:Type="String"><![CDATA[]]></Data></Cell>
            <Cell><Data ss:Type="String"><![CDATA[00:00:00]]></Data></Cell>
            <Cell><Data ss:Type="String"><![CDATA[]]></Data></Cell>  
<Cell><Data ss:Type="String"><![CDATA[]]></Data></Cell>  
<Cell><Data ss:Type="String"><![CDATA[]]></Data></Cell>  
<Cell><Data ss:Type="String"><![CDATA[]]></Data></Cell>  
<Cell><Data ss:Type="String"><![CDATA[]]></Data></Cell>  
</Row>

            <Row>
            <Cell><Data ss:Type="Number">20</Data></Cell>
            <Cell><Data ss:Type="String"><![CDATA[H8M-BLS-D79R]]></Data></Cell>
            <Cell ss:StyleID="s62"><Data ss:Type="DateTime">2014-02-01T23:58:07.000</Data></Cell>
            <Cell ss:StyleID="s62"><Data ss:Type="DateTime">2014-02-01T23:58:07.000</Data></Cell>
            <Cell><Data ss:Type="String"><![CDATA[Obsolete]]></Data></Cell>
            <Cell><Data ss:Type="String"><![CDATA[]]></Data></Cell>
            <Cell><Data ss:Type="String"><![CDATA[jew@jew.com]]></Data></Cell>
            <Cell><Data ss:Type="String"><![CDATA[]]></Data></Cell>
            <Cell><Data ss:Type="String"><![CDATA[]]></Data></Cell>
            <Cell><Data ss:Type="String"><![CDATA[]]></Data></Cell>
            <Cell><Data ss:Type="String"><![CDATA[]]></Data></Cell>
            <Cell><Data ss:Type="String"><![CDATA[]]></Data></Cell>
            <Cell><Data ss:Type="String"><![CDATA[]]></Data></Cell>
            <Cell><Data ss:Type="String"><![CDATA[General]]></Data></Cell>
            <Cell><Data ss:Type="String"><![CDATA[Low]]></Data></Cell>
            <Cell><Data ss:Type="String"><![CDATA[New]]></Data></Cell>
            <Cell><Data ss:Type="String"><![CDATA[Why?]]></Data></Cell>
            <Cell><Data ss:Type="String"><![CDATA[dfg]]></Data></Cell>
            <Cell><Data ss:Type="String"><![CDATA[]]></Data></Cell>
            <Cell><Data ss:Type="String"><![CDATA[00:00:00]]></Data></Cell>
            <Cell><Data ss:Type="String"><![CDATA[]]></Data></Cell>  
<Cell><Data ss:Type="String"><![CDATA[]]></Data></Cell>  
<Cell><Data ss:Type="String"><![CDATA[]]></Data></Cell>  
<Cell><Data ss:Type="String"><![CDATA[]]></Data></Cell>  
<Cell><Data ss:Type="String"><![CDATA[]]></Data></Cell>  
</Row>

            <Row>
            <Cell><Data ss:Type="Number">21</Data></Cell>
            <Cell><Data ss:Type="String"><![CDATA[N5Y-EJB-HUTH]]></Data></Cell>
            <Cell ss:StyleID="s62"><Data ss:Type="DateTime">2014-02-02T00:02:36.000</Data></Cell>
            <Cell ss:StyleID="s62"><Data ss:Type="DateTime">2014-02-02T00:02:36.000</Data></Cell>
            <Cell><Data ss:Type="String"><![CDATA[Obsolete]]></Data></Cell>
            <Cell><Data ss:Type="String"><![CDATA[]]></Data></Cell>
            <Cell><Data ss:Type="String"><![CDATA[jew@jew.com]]></Data></Cell>
            <Cell><Data ss:Type="String"><![CDATA[]]></Data></Cell>
            <Cell><Data ss:Type="String"><![CDATA[]]></Data></Cell>
            <Cell><Data ss:Type="String"><![CDATA[]]></Data></Cell>
            <Cell><Data ss:Type="String"><![CDATA[]]></Data></Cell>
            <Cell><Data ss:Type="String"><![CDATA[]]></Data></Cell>
            <Cell><Data ss:Type="String"><![CDATA[]]></Data></Cell>
            <Cell><Data ss:Type="String"><![CDATA[General]]></Data></Cell>
            <Cell><Data ss:Type="String"><![CDATA[Low]]></Data></Cell>
            <Cell><Data ss:Type="String"><![CDATA[New]]></Data></Cell>
            <Cell><Data ss:Type="String"><![CDATA[Why?]]></Data></Cell>
            <Cell><Data ss:Type="String"><![CDATA[dfg]]></Data></Cell>
            <Cell><Data ss:Type="String"><![CDATA[]]></Data></Cell>
            <Cell><Data ss:Type="String"><![CDATA[00:00:00]]></Data></Cell>
            <Cell><Data ss:Type="String"><![CDATA[]]></Data></Cell>  
<Cell><Data ss:Type="String"><![CDATA[]]></Data></Cell>  
<Cell><Data ss:Type="String"><![CDATA[]]></Data></Cell>  
<Cell><Data ss:Type="String"><![CDATA[]]></Data></Cell>  
<Cell><Data ss:Type="String"><![CDATA[]]></Data></Cell>  
</Row>

            <Row>
            <Cell><Data ss:Type="Number">22</Data></Cell>
            <Cell><Data ss:Type="String"><![CDATA[1BZ-ZR7-SSJP]]></Data></Cell>
            <Cell ss:StyleID="s62"><Data ss:Type="DateTime">2014-02-02T00:03:20.000</Data></Cell>
            <Cell ss:StyleID="s62"><Data ss:Type="DateTime">2014-02-02T00:03:20.000</Data></Cell>
            <Cell><Data ss:Type="String"><![CDATA[Obsolete]]></Data></Cell>
            <Cell><Data ss:Type="String"><![CDATA[]]></Data></Cell>
            <Cell><Data ss:Type="String"><![CDATA[jew@jew.com]]></Data></Cell>
            <Cell><Data ss:Type="String"><![CDATA[]]></Data></Cell>
            <Cell><Data ss:Type="String"><![CDATA[]]></Data></Cell>
            <Cell><Data ss:Type="String"><![CDATA[]]></Data></Cell>
            <Cell><Data ss:Type="String"><![CDATA[]]></Data></Cell>
            <Cell><Data ss:Type="String"><![CDATA[]]></Data></Cell>
            <Cell><Data ss:Type="String"><![CDATA[]]></Data></Cell>
            <Cell><Data ss:Type="String"><![CDATA[General]]></Data></Cell>
            <Cell><Data ss:Type="String"><![CDATA[Low]]></Data></Cell>
            <Cell><Data ss:Type="String"><![CDATA[New]]></Data></Cell>
            <Cell><Data ss:Type="String"><![CDATA[Why?]]></Data></Cell>
            <Cell><Data ss:Type="String"><![CDATA[dfg]]></Data></Cell>
            <Cell><Data ss:Type="String"><![CDATA[]]></Data></Cell>
            <Cell><Data ss:Type="String"><![CDATA[00:00:00]]></Data></Cell>
            <Cell><Data ss:Type="String"><![CDATA[]]></Data></Cell>  
<Cell><Data ss:Type="String"><![CDATA[]]></Data></Cell>  
<Cell><Data ss:Type="String"><![CDATA[]]></Data></Cell>  
<Cell><Data ss:Type="String"><![CDATA[]]></Data></Cell>  
<Cell><Data ss:Type="String"><![CDATA[]]></Data></Cell>  
</Row>

            <Row>
            <Cell><Data ss:Type="Number">23</Data></Cell>
            <Cell><Data ss:Type="String"><![CDATA[GXW-PXX-QRHG]]></Data></Cell>
            <Cell ss:StyleID="s62"><Data ss:Type="DateTime">2014-02-02T00:03:44.000</Data></Cell>
            <Cell ss:StyleID="s62"><Data ss:Type="DateTime">2014-02-02T00:03:44.000</Data></Cell>
            <Cell><Data ss:Type="String"><![CDATA[Obsolete]]></Data></Cell>
            <Cell><Data ss:Type="String"><![CDATA[]]></Data></Cell>
            <Cell><Data ss:Type="String"><![CDATA[jew@jew.com]]></Data></Cell>
            <Cell><Data ss:Type="String"><![CDATA[]]></Data></Cell>
            <Cell><Data ss:Type="String"><![CDATA[]]></Data></Cell>
            <Cell><Data ss:Type="String"><![CDATA[]]></Data></Cell>
            <Cell><Data ss:Type="String"><![CDATA[]]></Data></Cell>
            <Cell><Data ss:Type="String"><![CDATA[]]></Data></Cell>
            <Cell><Data ss:Type="String"><![CDATA[]]></Data></Cell>
            <Cell><Data ss:Type="String"><![CDATA[General]]></Data></Cell>
            <Cell><Data ss:Type="String"><![CDATA[Low]]></Data></Cell>
            <Cell><Data ss:Type="String"><![CDATA[New]]></Data></Cell>
            <Cell><Data ss:Type="String"><![CDATA[Why?]]></Data></Cell>
            <Cell><Data ss:Type="String"><![CDATA[dfg]]></Data></Cell>
            <Cell><Data ss:Type="String"><![CDATA[]]></Data></Cell>
            <Cell><Data ss:Type="String"><![CDATA[00:00:00]]></Data></Cell>
            <Cell><Data ss:Type="String"><![CDATA[]]></Data></Cell>  
<Cell><Data ss:Type="String"><![CDATA[]]></Data></Cell>  
<Cell><Data ss:Type="String"><![CDATA[]]></Data></Cell>  
<Cell><Data ss:Type="String"><![CDATA[]]></Data></Cell>  
<Cell><Data ss:Type="String"><![CDATA[]]></Data></Cell>  
</Row>

            <Row>
            <Cell><Data ss:Type="Number">24</Data></Cell>
            <Cell><Data ss:Type="String"><![CDATA[WRD-7P7-MPBZ]]></Data></Cell>
            <Cell ss:StyleID="s62"><Data ss:Type="DateTime">2014-02-02T00:08:25.000</Data></Cell>
            <Cell ss:StyleID="s62"><Data ss:Type="DateTime">2014-02-02T00:08:25.000</Data></Cell>
            <Cell><Data ss:Type="String"><![CDATA[Jewy McJewJew]]></Data></Cell>
            <Cell><Data ss:Type="String"><![CDATA[]]></Data></Cell>
            <Cell><Data ss:Type="String"><![CDATA[jew@jew.com]]></Data></Cell>
            <Cell><Data ss:Type="String"><![CDATA[]]></Data></Cell>
            <Cell><Data ss:Type="String"><![CDATA[]]></Data></Cell>
            <Cell><Data ss:Type="String"><![CDATA[]]></Data></Cell>
            <Cell><Data ss:Type="String"><![CDATA[]]></Data></Cell>
            <Cell><Data ss:Type="String"><![CDATA[]]></Data></Cell>
            <Cell><Data ss:Type="String"><![CDATA[]]></Data></Cell>
            <Cell><Data ss:Type="String"><![CDATA[General]]></Data></Cell>
            <Cell><Data ss:Type="String"><![CDATA[Low]]></Data></Cell>
            <Cell><Data ss:Type="String"><![CDATA[New]]></Data></Cell>
            <Cell><Data ss:Type="String"><![CDATA[Test 2014]]></Data></Cell>
            <Cell><Data ss:Type="String"><![CDATA[ffddff]]></Data></Cell>
            <Cell><Data ss:Type="String"><![CDATA[]]></Data></Cell>
            <Cell><Data ss:Type="String"><![CDATA[00:00:00]]></Data></Cell>
            <Cell><Data ss:Type="String"><![CDATA[]]></Data></Cell>  
<Cell><Data ss:Type="String"><![CDATA[]]></Data></Cell>  
<Cell><Data ss:Type="String"><![CDATA[]]></Data></Cell>  
<Cell><Data ss:Type="String"><![CDATA[]]></Data></Cell>  
<Cell><Data ss:Type="String"><![CDATA[]]></Data></Cell>  
</Row>

              </Table>
              <WorksheetOptions xmlns="urn:schemas-microsoft-com:office:excel">
               <PageSetup>
                <Header x:Margin="0.3"/>
                <Footer x:Margin="0.3"/>
                <PageMargins x:Bottom="0.75" x:Left="0.7" x:Right="0.7" x:Top="0.75"/>
               </PageSetup>
               <Selected/>
               <Panes>
                <Pane>
                 <Number>3</Number>
                 <ActiveRow>4</ActiveRow>
                </Pane>
               </Panes>
               <ProtectObjects>False</ProtectObjects>
               <ProtectScenarios>False</ProtectScenarios>
              </WorksheetOptions>
             </Worksheet>
             <Worksheet ss:Name="Sheet2">
              <Table ss:ExpandedColumnCount="1" ss:ExpandedRowCount="1" x:FullColumns="1"
               x:FullRows="1" ss:DefaultRowHeight="15">
              </Table>
              <WorksheetOptions xmlns="urn:schemas-microsoft-com:office:excel">
               <PageSetup>
                <Header x:Margin="0.3"/>
                <Footer x:Margin="0.3"/>
                <PageMargins x:Bottom="0.75" x:Left="0.7" x:Right="0.7" x:Top="0.75"/>
               </PageSetup>
               <ProtectObjects>False</ProtectObjects>
               <ProtectScenarios>False</ProtectScenarios>
              </WorksheetOptions>
             </Worksheet>
             <Worksheet ss:Name="Sheet3">
              <Table ss:ExpandedColumnCount="1" ss:ExpandedRowCount="1" x:FullColumns="1"
               x:FullRows="1" ss:DefaultRowHeight="15">
              </Table>
              <WorksheetOptions xmlns="urn:schemas-microsoft-com:office:excel">
               <PageSetup>
                <Header x:Margin="0.3"/>
                <Footer x:Margin="0.3"/>
                <PageMargins x:Bottom="0.75" x:Left="0.7" x:Right="0.7" x:Top="0.75"/>
               </PageSetup>
               <ProtectObjects>False</ProtectObjects>
               <ProtectScenarios>False</ProtectScenarios>
              </WorksheetOptions>
             </Worksheet>
            </Workbook>
            